﻿<parameters>
  <parameter name="IIS Web Application Name" defaultValue="Default Web Site/SeguriGasesERP_deploy" tags="IisApp">
    <parameterEntry kind="ProviderPath" scope="IisApp" match="^C:\\Users\\Segurigases_Servidor\\Documents\\Visual\ Studio\ 2010\\Projects\\SeguriGasesERP\\SeguriGasesERP\\obj\\Release\\Package\\PackageTmp$" />
    <parameterEntry kind="ProviderPath" scope="setAcl" match="^C:\\Users\\Segurigases_Servidor\\Documents\\Visual\ Studio\ 2010\\Projects\\SeguriGasesERP\\SeguriGasesERP\\obj\\Release\\Package\\PackageTmp$" />
  </parameter>
  <parameter name="ApplicationServices-Web.config Connection String" description="ApplicationServices Connection String used in web.config by the application to access the database." defaultValue="data source=.\SQLEXPRESS;Integrated Security=SSPI;AttachDBFilename=|DataDirectory|aspnetdb.mdf;User Instance=true;MultipleActiveResultSets=True" tags="SqlConnectionString">
    <parameterEntry kind="XmlFile" scope="obj\\Release\\Package\\PackageTmp\\Web\.config$" match="/configuration/connectionStrings/add[@name='ApplicationServices']/@connectionString" />
  </parameter>
  <parameter name="SeguriGasesEntities-Web.config Connection String" description="SeguriGasesEntities Connection String used in web.config by the application to access the database." defaultValue="Server=.\SQLEXPRESS;&#xD;&#xA;     Database=SeguriGasesERP;Trusted_Connection=true" tags="SqlConnectionString">
    <parameterEntry kind="XmlFile" scope="obj\\Release\\Package\\PackageTmp\\Web\.config$" match="/configuration/connectionStrings/add[@name='SeguriGasesEntities']/@connectionString" />
  </parameter>
  <parameter name="SeguriGasesERPEntities-Web.config Connection String" description="SeguriGasesERPEntities Connection String used in web.config by the application to access the database." defaultValue="metadata=res://*/Models.Model1.csdl|res://*/Models.Model1.ssdl|res://*/Models.Model1.msl;provider=System.Data.SqlClient;provider connection string=&quot;Data Source=.\SQLEXPRESS;Initial Catalog=SeguriGasesERP;Integrated Security=True;MultipleActiveResultSets=True&quot;" tags="SqlConnectionString">
    <parameterEntry kind="XmlFile" scope="obj\\Release\\Package\\PackageTmp\\Web\.config$" match="/configuration/connectionStrings/add[@name='SeguriGasesERPEntities']/@connectionString" />
  </parameter>
</parameters>